,company,rating,location,company_size,revenue,glassdoor_awards,other_awards,interview_difficulty
0,Google,4.4,4,1,10,1,1,3.3
1,Microsoft,4.3,4,1,10,1,1,3.1
2,Cisco Systems,4.2,4,1,10,1,1,3
3,Intel Corporation,4.1,4,1,10,1,1,3
4,Apple,4.1,4,1,10,1,1,3
5,Amazon,3.9,4,1,10,1,1,3
6,IBM,3.8,3,1,10,0,1,2.8
7,Tata Consultancy Services,3.7,2,1,10,1,1,2.7
8,Infosys,3.1,2,1,10,1,1,2.6
9,Wipro,2.9,4,1,10,1,1,2.8
10,Oracle,3.6,4,1,10,1,1,2.9
11,HubSpot,4.7,2,1,1,1,1,3.3
12,DocuSign,4.6,4,1,1,1,1,2.8
13,SAP,4.5,4,1,10,1,1,2.9
14,NVIDIA,4.6,4,1,10,1,1,3.2
15,Ultimate Software,4.4,4,1,2,1,1,2.8
16,Paycom,4.4,4,1,1,1,1,3
17,MathWorks,4.4,2,1,2,1,1,2.8
18,Intuit,4.4,4,1,5,1,1,3
19,Salesforce,4.4,4,1,10,1,1,3.3
20,Patni Computer Systems,4.3,3,1,1,0,0,3.1
21,Marlabs,4.4,2,1,0.5,0,1,2.4
22,Facebook,4.4,4,1,10,1,1,3.1
23,LinkedIn,4.3,4,1,10,1,1,3
24,VMware,4.2,4,1,10,1,1,3.1
25,Adobe,4.1,4,1,10,1,1,3.1
26,World Wide Technology,4.2,4,1,10,1,1,2.8
27,Twitter,4.1,2,1,5,1,1,3
28,Dell Technologies,4.1,3,1,10,1,1,2.9
29,UST Global,4.1,4,1,2,1,1,2.9
30,HP Inc.,4.1,4,1,0.001,1,1,2.8
31,AMD,4,2,1,5,0,1,3
32,Epic,4,1,1,5,1,1,2.9
33,Autodesk,4.1,4,1,5,1,1,2.9
34,Yahoo,4,4,1,5,1,1,3
35,NetApp,4,3,1,10,1,1,3
36,Bloomberg L.P.,4,2,1,0.001,1,1,3
37,Workday,4,4,1,5,1,1,2.8
38,Avanade,3.9,5,1,5,0,1,2.9
39,Citrix,3.9,4,1,5,1,1,3
40,Qualcomm,3.9,4,1,10,1,1,3.1
41,Collabera,3.9,3,1,1,0,1,2.6
42,Thomson Reuters,3.7,1,1,10,0,1,2.8
43,CDW,3.9,1,1,10,1,1,2.7
44,PayPal,3.9,4,1,10,1,1,2.9
45,GE,3.9,1,1,10,1,1,2.9
46,Netflix,3.8,4,1,10,1,1,2.9
47,GoDaddy,3.8,4,1,5,0,1,2.6
48,Expedia Group,3.8,4,1,10,1,1,2.9
49,CA Technologies,3.8,3,1,0.001,0,1,2.9
51,Paychex,3.8,2,1,5,1,1,3
52,Honeywell,3.8,4,1,10,0,1,2.9
53,Uber,3.8,4,1,0.001,0,0,2.9
54,Amdocs,3.8,5,1,5,0,0,3
55,Hewlett Packard Enterprise | HPE,3.8,3,1,0.001,0,1,2.8
56,IGATE,3.8,1,1,2,0,1,2.8
57,J. Crew,3.8,3,1,5,1,1,2.2
58,Geek Squad,3.8,5,1,0.5,0,0,2.4
59,Motorola Solutions,3.7,1,1,10,0,1,2.8
60,Capgemini,3.8,3,1,10,1,1,2.8
61,NortonLifeLock,3.7,4,1,5,0,1,3
62,Visa Inc.,3.7,4,1,10,1,1,2.8
63,Infor,3.8,3,1,5,0,1,2.7
64,Finish Line,3.7,4,1,2,0,0,2.1
65,Nielsen,3.7,3,1,10,1,1,2.9
66,Tech Mahindra,3.7,5,1,5,0,1,2.8
67,eBay,3.6,4,1,10,1,1,3
68,Western Digital,3.6,4,1,10,0,1,2.8
69,Perficient,3.7,4,1,1,0,1,2.8
70,Samsung Electronics,3.6,2,1,10,0,0,2.9
71,SAIC,3.6,3,1,0.01,1,1,2.5
72,Asurion,3.5,3,1,0.001,0,1,2.6
73,LTI,3.6,4,1,0.001,0,1,2.8
74,Cerner,3.5,1,1,10,1,1,2.7
75,athenahealth,3.6,2,1,0.001,0,1,3.1
76,Groupon,3.5,4,1,5,1,1,2.8
77,Glassdoor,4.2,4,1,0.001,0,1,3.1
78,Varsity Tutors,4.1,2,2,0.001,0,1,2.5
79,GitLab,4.9,4,1,0.001,0,1,2.9
80,Everbridge,4.8,4,2,0.5,0,1,2.8
81,Zoom Video Communications,4.7,1,1,0.001,1,0,2.8
82,New Relic,4.7,3,1,0.5,1,1,3
83,Coupa Software Inc,4.7,3,1,0.5,0,1,2.8
84,LiveRamp,4.7,2,1,0.5,1,1,3
85,Tanium,4.5,4,1,0.001,0,1,3.3
86,Zscaler,4.6,4,1,0.001,1,1,3.3
87,MongoDB,4.6,3,1,0.001,1,1,3.1
88,SurveyMonkey,4.5,4,2,0.5,1,1,2.8
89,Fortinet,4.5,4,1,5,0,1,3.1
90,AppFolio,4.5,3,1,0.5,1,1,2.8
91,InterSystems,4.5,5,1,1,0,1,3
92,Cloud Big Data Technologies Group,4.5,5,1,0.1,0,0,2.5
93,AppDynamics,4.5,3,1,0.5,1,1,3.1
94,Pivotal,4.4,4,1,0.001,0,1,2.8
95,Dynatrace,4.4,4,1,0.001,0,1,3.1
96,SailPoint Technologies,4.7,5,1,0.5,1,1,2.9
97,iCIMS,4.2,2,1,0.5,1,1,2.9
98,Intermedia,4.4,4,1,0.5,0,1,2.9
99,Talend,4.4,4,1,0.5,0,1,3.1
100,Jean Martin,4.4,2,1,0.025,0,0,3.3
101,Genesys,4.4,4,1,2,1,1,2.9
102,Wind River,4.4,5,1,0.5,0,1,2.9
103,Pactera,4.3,5,1,1,0,1,2.3
104,MuleSoft,4.4,1,1,0.5,1,1,3.1
105,Blue Yonder,4.3,5,1,2,1,1,3
106,Gentex (Michigan),4.3,1,1,2,0,1,2.5
107,Rapid7,4.3,3,1,0.5,0,1,2.8
108,Medidata Solutions,4.3,2,1,1,1,1,2.8
109,Atlassian,4.3,3,1,0.001,0,1,3
110,Digital Realty,4.3,4,1,2,0,1,2.7
111,Alarm.com,4.3,3,1,0.5,0,1,2.9
112,8x8,4.2,4,1,0.5,0,1,2.7
113,PROS,4.2,5,1,0.5,0,1,2.9
114,Harris Computer,4.3,5,1,1,0,1,2.6
115,Daugherty Business Solutions,4.3,1,1,0.5,0,1,3
116,Procore Technologies,4.3,4,1,0.001,1,1,2.9
117,Infoblox,4.3,4,1,0.5,0,1,2.9
118,Wrike,4,3,1,0.001,0,1,2.9
119,Fast Enterprises,4.3,4,1,0.05,1,1,2.7
120,YouTube,4.2,4,1,0.001,0,1,3.2
121,QAD,4.3,1,1,0.5,0,1,2.6
122,Paylocity,4.3,4,1,0.5,1,1,2.9
123,Jamf,4.2,1,1,0.001,0,1,2.9
124,Gusto,4.1,4,1,0.001,0,1,3.1
125,Informatica,4.2,3,1,2,0,1,3.2
126,ThoughtWorks,3.6,3,1,0.5,0,1,3.4
127,Cox Enterprises,4.2,3,1,10,0,1,2.7
128,Eventbrite,4.2,3,1,0.5,1,1,2.9
129,Scientific Research,4.2,3,1,0.5,0,0,2.4
130,Splunk,4.1,4,1,2,1,1,2.9
131,Kaspersky,4.2,5,1,1,0,1,2.9
132,Yext,4.2,3,1,0.5,0,1,2.8
133,Cadence Design Systems,4.2,2,1,2,1,1,3
135,DraftKings,4.2,2,1,0.001,1,1,2.9
136,Pluralsight,4.1,4,1,0.5,0,1,3
137,CNN,4.2,3,1,2,0,0,2.9
138,Ceridian,4.2,3,1,1,1,1,2.9
139,Mentor Graphics,4.1,2,1,2,0,0,3
140,Kronos Incorporated,4.2,2,1,2,1,1,2.8
141,CARFAX,4.2,3,2,0.001,1,1,3
142,AppNexus,4.1,4,1,0.001,1,1,3.2
143,Zendesk,4.1,4,1,1,0,1,2.8
144,Robert Bosch,4.1,1,1,10,0,0,2.9
145,Kony,4.1,3,1,0.5,0,1,3.1
146,CrowdStrike,4.1,4,1,0.5,0,1,2.7
147,BMW,4.1,5,1,10,0,1,2.8
148,Epicor Software,4.1,1,1,1,0,1,2.8
149,Orbitz Worldwide,4.1,5,1,1,1,1,3
160,Box,4.2,3,1,1,0,1,3
161,Dropbox,4.1,4,1,0.001,0,1,3.1
162,Elastic,4,3,1,0.5,0,1,2.9
163,Bullhorn,4,3,1,0.5,1,1,2.9
164,Guidewire,4,4,1,1,1,1,3.1
166,Brocade,4,5,1,5,0,1,3.1
167,Paycor,4,3,1,0.5,0,1,2.7
168,Toast Inc,4,2,1,0.001,0,1,2.8
169,NBC,4,4,1,0.01,0,0,3
171,Axway,4,4,1,0.5,0,0,2.6
172,Wix,4,4,1,1,0,0,2.9
173,CapTech,4,3,1,0.5,0,1,2.8
174,Compass,4,4,1,1,1,1,2.9
175,Nutanix,4,4,1,0.001,1,1,3.1
176,Datto ,4,2,1,0.5,0,1,2.8
177,Yardi Systems,4,4,1,1,1,1,2.9
178,United Space Alliance,4,3,1,0.1,1,1,2.7
179,Siemens PLM Software,4,4,1,0.005,0,0,3
181,[24]7.ai,4,5,1,0.5,0,1,2.7
182,Stripe,4,5,1,0.001,0,0,3
183,Pinterest,4,4,1,0.5,0,1,2.9
184,Square,3.9,4,1,2,1,1,3
185,Roku,4,4,1,1,0,1,2.9
186,Pyramid Consulting,3.9,2,1,0.5,0,1,2.8
187,American Cybersystems,3.9,3,1,1,0,1,2.7
188,Dassault Systemes,4.3,2,1,5,0,1,2.8
189,Trend Micro,4,3,1,2,0,0,2.9
191,Nimble Storage,3.9,5,1,0.5,0,1,2.8
192,EPAM,3.9,2,1,2,0,1,3.1
193,ASML,3.7,4,1,10,0,0,2.8
194,Hortonworks,3.9,4,1,0.5,1,1,3.1
195,Trianz,3.6,4,1,0.001,0,0,2.8
196,Sage,4,3,1,5,0,1,2.8
197,Appian,3.9,3,1,0.5,0,1,2.9
198,Qualtrics,3.9,4,1,0.001,1,1,3
199,Equinix,3.9,4,1,5,0,1,2.7
200,Ansys,3.9,5,1,2,0,1,3
201,Appian,3.9,5,1,0.5,0,1,2.9
202,RELX,3.8,2,1,10,0,1,2.8
203,Acxiom,3.9,5,1,2,0,1,2.7
204,Rosetta Stone,3.9,5,1,0.5,0,0,2.9
205,Criteo,3.9,1,1,5,0,1,3.2
206,Magic Leap,3.9,3,1,0.001,0,0,2.9
207,Axon,3.9,4,2,0.5,0,1,3.1
208,Workfront,3.9,4,1,0.5,0,1,2.8
209,BMC Software,3.9,3,1,5,0,1,3
210,Lenovo,3.9,3,1,10,0,1,2.8
212,Software AG,3.9,4,1,1,0,1,3
213,Tableau Software,3.8,4,1,1,0,1,3.2
214,ITC Infotech,3.9,2,1,0.001,0,1,2.8
215,Medallia,3.9,4,1,0.5,1,1,3.2
216,Rubrik,3.9,4,1,0.001,0,0,3.1
217,Xilinx,3.8,4,1,5,0,1,3
218,Mozilla,3.9,4,1,0.5,0,1,2.9
219,Vertex (Pennsylvania),3.8,2,1,0.5,0,1,2.8
221,itelligence,3.8,1,1,2,0,0,2.8
222,Anaplan,3.9,2,1,0.5,0,1,2.9
223,Cornerstone OnDemand,3.8,2,1,1,1,1,3
224,Deltek,3.8,3,1,0.5,0,1,2.9
225,Logitech,3.8,4,1,5,0,1,2.6
226,DealerSocket,3.9,4,1,0.5,0,1,2.7
227,Manhattan Associates,3.8,3,1,1,0,1,3.1
228,Trulia,3.8,5,1,0.5,1,1,2.6
229,Worldwide TechServices,3.8,4,1,0.5,0,0,1.9
231,L&T Technology Services,3.8,1,1,1,0,1,2.9
232,j2 Global,3.7,4,1,2,0,0,2.4
233,Trimble,3.8,4,1,5,0,1,2.8
234,Progress,3.8,2,1,0.5,0,1,2.8
235,CallidusCloud,3.8,5,1,0.5,0,1,2.8
236,Prolifics,3.8,2,1,0.5,0,1,3.2
237,Tata Communications,3.8,3,1,10,0,0,2.9
238,Aruba Networks,3.8,4,1,5,0,1,2.9
239,Aspire Systems,3.8,5,1,0.1,0,1,3
240,OCLC,3.8,1,1,0.5,0,1,3.3
241,Samsara,3.8,3,1,0.001,1,1,2.6
242,Tyler Technologies,3.8,2,1,0.5,0,1,2.8
243,SAS Institute,3.8,3,1,5,1,1,2.9
245,Cloudflare,3.9,4,2,0.001,0,0,3
246,Datadog,3.9,2,1,0.5,0,1,2.9
247,Tavant,3.8,3,1,0.5,0,1,3
248,Mindtree,3.8,2,1,1,1,1,2.8
249,Flexera,3.8,4,1,0.5,0,1,2.9
250,NICE,3.9,2,1,2,0,1,2.9
251,AgreeYa Solutions,3.8,4,1,0.1,0,1,2.8
252,Zuora,3.8,4,1,0.5,1,1,2.9
253,Pegasystems,3.8,2,1,1,0,1,3
254,Airbnb,3.8,4,1,0.001,1,1,3.1
255,Secureworks,3.7,3,1,0.5,0,1,2.8
256,Amadeus,4.4,3,1,5,0,1,2.8
257,Mailchimp,3.7,3,1,1,0,1,2.8
258,Entrata,3.8,4,1,0.001,0,1,2.5
259,Bottomline Technologies,3.8,2,1,0.5,0,1,2.9
261,Arista Networks,3.8,4,1,2,1,1,3
262,Samsung Research America,3.7,4,1,0.1,0,0,2.8
263,Iris Software,3.8,2,1,0.5,0,0,3
264,LogMeIn,3.7,5,1,2,0,1,2.8
265,Ellucian,3.7,2,1,1,0,1,2.6
266,Relativity,3.8,5,1,0.001,0,1,2.9
267,Tata Consultancy Services (North America),3.7,2,1,10,0,1,2.6
269,Match,3.7,3,1,0.001,0,0,3.2
270,CSG,3.8,4,1,1,0,1,2.8
271,F5 Networks,3.8,4,1,2,1,1,3
272,Zebra Technologies,3.7,2,1,5,0,0,2.8
273,Neustar,3.7,4,1,1,0,1,3
274,Dealer.com,3.6,2,1,1,0,1,2.7
276,ASG Technologies,3.7,2,1,0.001,0,1,2.8
277,Qlik,3.6,2,1,1,0,1,3
278,Workiva,3.7,1,1,0.5,0,1,2.9
279,SonicWall,3.8,4,1,1,0,0,2.9
280,Ivanti,3.9,4,1,0.5,0,1,2.9
281,PTC,3.7,2,1,2,0,1,2.8
284,IDC Technologies,3.7,4,1,0.5,0,1,2.5
287,CCC Information Services,3.7,1,1,1,0,1,2.7
288,GlobalLogic,3.7,1,1,1,0,1,2.8
290,Blackbaud,3.7,3,1,1,0,1,2.8
291,IAC,3.7,2,1,5,0,1,2.9
292,Alion,3.7,3,1,2,0,1,2.5
293,Tripadvisor,3.7,2,1,2,0,1,3
294,ECS,3.7,3,1,1,0,1,2
296,Cybage Software,3.7,2,1,0.001,0,1,2.9
297,CitiusTech,3.7,1,1,0.5,0,1,3
298,Carbon Black,3.7,2,1,0.5,0,1,3
299,ServiceNow,3.7,4,1,5,0,1,2.9
300,Logicalis,3.5,1,1,2,0,1,2.8
304,Softchoice,3.7,4,1,2,0,1,2.7
305,Parsons Corporation,3.6,4,1,5,0,1,2.6
306,Xoriant,3.7,4,1,0.5,0,1,3
307,Esri,3.6,3,1,2,0,1,2.9
308,L.L. Bean,3.7,2,1,2,0,1,2.3
309,Cypress Semiconductor,3.6,1,1,2,0,1,3.3
310,PK,3.6,4,1,0.5,0,1,3
311,Sirius Computer Solutions,3.7,3,1,5,0,1,3.1
312,Cruise,3.7,4,1,0.001,0,0,2.8
313,Continuum,3.6,2,1,0.5,0,1,2.8
314,Enel X,3.6,4,1,0.5,1,1,3
315,Vrbo,3.6,3,1,0.5,0,1,2.9
316,Vitech Systems Group,3.7,2,1,0.5,0,1,2.8
318,Dolby,3.6,4,1,2,0,1,2.9
320,Avid Technology,3.6,2,1,1,0,1,3
321,SPS Commerce,3.5,5,1,0.5,0,1,2.9
322,Synechron,3.6,2,1,0.5,0,1,3
323,Moody's,3.6,2,1,5,0,1,2.9
324,FusionStorm,3.6,4,1,10,0,1,2.8
325,Proofpoint,3.6,4,1,0.5,0,1,2.7
326,RSA Security,3.6,2,1,0.5,0,1,3
327,Cloudera,3.6,4,1,0.5,1,1,3.1
328,Teradata,3.6,4,1,5,0,1,2.9
329,Yash Technologies,3.6,1,1,0.5,0,1,3
330,HTC Global Services,3.6,1,1,0.001,0,0,2.6
331,Mimecast,3.6,1,1,1,0,1,2.6
333,Mindbody,3.5,4,1,0.001,1,1,2.7
334,Verint Systems,3.5,3,1,2,0,0,2.8
335,Accruent,3.6,3,1,0.5,1,1,2.7
336,Vonage,3.5,2,1,2,0,1,2.7
337,MediaTek,3.7,3,1,10,0,0,2.9
338,Agero,3.7,2,1,1,0,1,2.7
339,Hyland,3.6,4,1,1,0,1,2.8
342,McAfee,3.6,4,1,10,0,1,3
343,Veeam Software,3.9,3,1,2,0,1,2.8
344,Camber,3.6,3,1,0.5,0,0,2.6
347,NICE inContact,3.6,4,1,1,0,1,2.8
348,iSoftStone,3.6,4,1,0.5,0,0,2.7
349,FICO,3.5,1,1,1,0,1,3
350,Snap,3.5,4,1,0.001,0,0,3
352,Risk Management Solutions,3.8,4,1,0.5,0,1,3
353,Bristlecone,3.6,3,1,0.5,0,1,2.9
355,Unify,3.6,3,1,2,0,1,2.5
357,Amazon Lab126,3.5,4,1,0.1,0,1,3.1
358,NAVEX Global,3.5,4,1,0.5,0,1,2.8
359,Lexmark International,3.5,4,1,5,0,1,2.8
360,Cvent,3.5,3,1,1,0,1,2.8
361,NCI,3.5,3,1,0.5,0,1,2.2
362,Birlasoft,3.5,1,1,0.5,0,1,3
364,Quinnox,3.5,1,1,0.001,0,0,2.9
365,IDC (International Data Corporation),3.5,2,1,0.5,0,1,2.6
366,2U,3.5,3,1,0.5,1,1,2.7
367,TiVo,3.5,4,1,1,0,1,2.7
368,Synchronoss,3.5,2,1,0.5,0,1,2.9
369,Genpact,3.5,3,1,5,0,1,2.8
371,Forescout Technologies,3.5,4,1,0.001,0,1,2.7
372,Renaissance Learning,3.5,1,1,0.5,0,1,2.9
374,UiPath,3.5,3,1,0.001,0,0,2.9
376,Slack,4.5,1,1,0.001,1,1,3
377,Nextiva,4.4,4,2,0.001,1,1,2.7
378,Palantir Technologies,3.9,4,1,2,0,0,3.2
379,American Systems,3.9,3,1,0.5,0,1,2.5
381,Cray,3.8,1,1,1,0,0,2.9
382,ESPN,3.7,4,1,1,1,1,3
383,GCI,3.7,4,1,1,0,0,2.9
384,Golf Galaxy,3.7,1,1,0.5,0,0,1.9
385,Gateway,3.6,5,1,0.5,0,0,2.7
386,eClinicalWorks,3.5,2,1,0.5,0,0,2.7
389,Digital Prospectors,4.9,2,3,0.1,1,1,2.7
391,SalesLoft,4.9,3,2,0.05,1,1,3.4
392,Fabergent USA,4.9,2,3,0.01,0,0,2
393,Pariveda Solutions,4.9,4,2,0.5,1,1,3.2
394,Sprout Social,4.9,1,2,0.1,1,1,3.1
395,PayJunction,4.8,3,3,0.001,1,1,2.6
397,WillowTree,4.8,3,2,0.05,1,1,3.3
398,Asana,4.8,2,2,0.001,1,1,3.1
399,vCom Solutions,4.8,5,3,0.05,1,1,3.1
401,C3.ai,4.8,1,2,0.5,1,1,3.2
402,Sage Intacct,4.7,5,2,0.001,1,1,2.9
403,TSheets,4.7,4,2,0.001,0,1,3
404,411 Locals,4.7,4,2,0.01,0,1,4.4
405,Weave,4.7,5,2,0.001,1,1,2.5
406,SADA Systems,4.7,4,2,0.5,0,1,3
407,WP Engine,4.7,3,2,0.001,0,1,2.6
409,SendGrid,4.6,4,2,0.5,1,1,2.7
410,Mavenlink,4.6,2,2,0.001,1,1,2.6
411,SeatGeek,4.5,3,2,0.001,1,1,2.9
414,Wonolo,4.6,4,2,0.5,0,1,3
417,Health Catalyst,4.6,4,2,0.1,0,0,3
418,Dotcom Team,4.6,2,2,0.5,1,1,3
421,DiscoverOrg,4.6,4,3,0.01,0,0,2.6
422,Lever,4.6,5,2,0.5,0,1,3.1
425,Duo Security,4.6,1,2,0.001,1,1,2.8
426,ScienceLogic,4.5,3,2,0.5,0,1,2.9
427,LogicMonitor,4.5,3,2,0.1,0,1,3
428,AGS,4.5,3,2,0.001,1,1,2.6
429,TSP,4.4,5,2,0.5,1,1,2.4
430,BambooHR,4.5,4,2,0.05,0,1,3.2
431,BirdEye,4.5,3,2,0.001,1,1,2.7
434,SkillStorm,4.5,3,2,0.001,0,1,2.6
437,Surescripts,4.5,4,2,0.5,1,1,3
442,CB Insights,4.5,5,2,0.05,0,1,3
443,ComTec Consultants,4.4,5,3,0.05,1,1,3.1
444,FieldEdge,4.4,3,3,0.05,0,0,3.4
445,Liferay,4.4,4,3,0.05,1,1,2.7
446,FlexTrade Systems Inc.,4.4,2,2,0.001,0,1,3
447,Techstar Consulting,4.4,3,2,0.001,0,1,2
448,QTS,4.4,3,2,0.05,0,0,2.4
449,Conductor,4.4,2,2,0.5,0,1,2.9
450,Greenhouse Software,4.5,4,2,0.05,0,1,3.2
451,QTS,4.4,3,2,0.001,1,1,2.4
452,Edifecs,4.5,5,2,0.5,0,1,2.8
455,Hireology,4.4,5,2,0.05,0,0,2.8
456,Branch,4.1,2,2,0.05,0,1,3.1
457,Canopy,4.4,5,2,0.001,0,0,2.7
458,DigitalOcean,4.3,5,3,0.001,1,0,3
459,Catapult Systems,4.4,3,2,0.5,0,0,3.1
460,Thumbtack,4.4,4,2,0.1,1,1,3.1
461,Outreach,4.4,5,2,0.001,1,1,2.8
462,StormWind Studios,4.4,5,2,0.001,0,1,3.3
465,Applications Software Technology,4.5,1,2,0.001,0,1,2.6
466,Clarity Insights,4.3,1,2,0.1,0,1,2.6
469,ChowNow,4.3,4,3,0.025,0,1,3.2
470,ChowNow,4.3,4,2,0.05,0,0,3.2
471,Whitepages,4.3,5,2,0.05,0,0,3
472,Roblox,4.4,4,3,0.1,1,1,3
473,Addepar,4.3,1,2,0.001,0,1,3
474,Trintech,4.4,3,2,0.001,0,1,2.8
475,Taos,4.3,4,2,0.1,0,1,2.9
476,Netskope,4.3,4,2,0.5,0,0,3
477,Faithlife,4.3,4,2,0.001,0,1,2.8
480,PerfectServe,4.3,3,2,0.1,0,1,2.7
481,DigitalOcean,4.3,5,2,0.05,0,1,3
482,DataServ (Missouri),4.3,5,2,0.5,0,0,2.7
483,Dataprise,4.3,3,3,0.001,0,1,2.9
484,CarGurus,4.3,5,2,0.05,0,1,2.9
485,MemSQL,4.3,4,2,1,0,1,3.3
486,Newsela,4.3,5,3,0.001,0,1,2.9
487,Masergy,4.3,3,2,0.001,0,1,2.9
490,Masergy,4.3,3,3,0.025,0,1,2.9
491,ObjectWin Technology,4.3,3,2,0.5,1,1,2.7
492,Software Technology Group (UT),4.3,5,3,0.05,0,1,2.8
493,Graphiq,4.3,5,2,0.025,0,1,3.1
494,Flatiron Health,4.3,5,3,0.01,1,0,3
495,VIVA USA,4.2,1,2,0.001,0,0,1.9
496,PerfectServe,4.3,3,3,0.05,0,1,2.7
497,1stdibs.com,4.2,5,2,0.05,0,1,2.8
498,"First Tek, Inc.",4.2,1,2,0.05,0,0,2.1
499,Strata Decision Technology,4.2,5,2,0.1,0,1,2.9
500,Skillz,4.2,2,2,0.05,0,1,3
501,The CBORD Group,4.2,3,2,0.001,0,1,2.7
502,Strata Decision Technology,4.2,5,2,0.5,0,0,2.9
503,Magenic,4.2,1,2,0.05,0,1,3.2
504,iboss Network Security,4.2,2,2,0.5,0,1,2.9
505,Reputation.com,4.2,1,3,0.001,0,0,2.9
506,iTech US,4.2,2,2,0.1,0,1,2.3
507,Moogsoft,4.2,4,2,0.05,0,1,3
508,1stdibs.com,4.2,5,2,0.001,1,1,2.8
509,Classy,4.2,5,2,0.05,0,0,2.9
510,Impact Networking,4.2,1,3,0.001,1,1,2.8
511,Mobiquity,4.2,2,2,0.5,0,1,2.8
512,Conga,4.2,5,2,0.1,0,0,2.8
513,INFOMATICS,4.2,5,2,0.5,0,1,4
516,Branch,4.1,2,2,0.001,0,1,3.1
517,Zolon Tech,4.2,3,2,0.001,0,0,2.5
520,Zolon Tech,4.2,3,3,0.05,0,1,2.5
521,STONE Resource Group,4.1,5,2,0.05,0,0,2.6
522,Axis Group,4.2,3,3,0.05,0,1,2.5
523,PlanSource,4.1,3,3,0.05,0,1,2.7
524,Cardinal Solutions,4.2,3,2,0.001,0,1,2.8
525,Conga,4.2,5,2,0.1,0,1,2.8
528,BetterCloud,4.1,3,2,0.5,1,1,3
529,Jellyvision Lab,4,5,2,0.001,0,1,3.1
530,Aequor Technologies,4.1,2,2,0.001,0,1,2.9
535,OSIsoft,4.1,3,2,0.05,0,1,2.9
537,Podium,4.1,5,2,0.5,0,1,3
539,Fivestars,4.1,4,2,0.001,1,1,2.8
540,Fivestars,4.1,4,2,0.001,0,1,2.8
541,Jobvite,4,1,2,0.5,0,0,2.9
542,Celerity,4.1,2,2,0.5,0,0,2.3
543,"Quora, Inc.",4.1,5,2,0.025,0,1,3.3
544,GolfNow,4.1,5,2,0.1,0,1,2.9
549,The Select Group,4,3,3,0.05,0,0,2.7
550,ContextMedia,4.1,5,2,0.05,0,1,3.2
551,Mediaocean,4.1,1,2,0.5,0,1,3
552,Deem,4.1,4,2,0.001,0,1,3
553,Webroot,4,4,2,0.5,0,1,2.5
554,Jellyvision Lab,4,5,3,0.001,0,1,3.1
555,iPipeline,4.1,2,2,0.5,0,1,2.6
556,The Select Group,4,3,2,0.001,0,1,2.7
557,Personify,4,3,2,0.5,0,1,2.9
558,XTGlobal,4,5,2,0.5,0,1,3.5
559,Care.com,4,4,2,0.1,0,1,2.6
560,Silverline,4.1,2,2,0.025,0,0,3.3
561,Brightcove,4,2,2,0.5,0,0,3.1
562,HireVue,3.9,4,2,0.001,1,1,2.8
563,Zenefits,3.9,4,2,0.5,0,1,2.8
564,Puppet,4,5,2,0.001,0,0,3
565,TechTarget,4,2,2,0.1,0,1,2.5
566,Talkdesk,4,4,2,0.001,0,1,2.5
567,Deem,4.1,4,2,0.5,0,1,3
568,Webpass,4,3,2,0.001,0,1,2.1
569,REI Systems,4,3,3,0.001,0,1,3
570,REI Systems,4,3,3,0.001,0,0,3
571,Webpass,4,3,2,0.1,0,0,2.1
572,Turbonomic,4,2,2,0.1,0,0,3.1
573,Zivaro,4,5,3,0.001,0,0,3.1
574,Glu Mobile,4,4,2,0.5,0,1,2.8
576,FinancialForce,4,1,2,0.5,0,1,3.1
582,Credible Behavioral Health Software,4,3,2,0.1,0,0,2.8
583,Lytx,4,2,2,0.001,1,1,2.8
584,Evernote,4,3,3,0.05,0,1,2.9
585,ezCater,4,2,2,0.5,0,1,2.6
586,Beeline,4,4,2,0.1,0,1,2.9
587,Keste,4,5,2,0.001,0,1,3
592,Genscape,4,2,2,0.001,0,1,2.7
593,BlackLine,3.9,4,3,0.5,0,0,2.7
594,ezCater,4,2,2,0.1,0,1,2.6
597,GitHub,4.1,5,2,0.001,1,1,2.8
599,G2,4,1,2,0.001,0,1,3
600,Google,4.4,4,2,0.5,0,1,3.3
601,Microsoft,4.3,4,2,0.1,0,0,3.1
606,IBM,3.8,3,1,10,1,1,2.8
608,Infosys,3.1,2,1,10,0,1,2.6
609,Wipro,2.9,4,1,10,1,1,2.8
610,Coinbase,3.9,2,1,10,1,1,3
611,AbacusNext,3.9,4,1,10,1,1,2.6
612,MarkLogic,3.9,4,2,0.001,0,0,3
613,ABC Financial,3.9,3,2,0.001,0,1,2.7
614,Sumo Logic,3.9,4,2,0.5,0,1,3
615,SirsiDynix,3.9,5,2,0.001,0,1,2.5
616,Sisense,3.9,2,2,0.001,1,1,3
618,Broadly,4.1,4,2,0.001,0,1,2.9
620,Sentinel Technologies,3.9,1,3,0.025,0,1,2.7
621,SugarCRM,4,3,2,0.5,0,1,2.8
622,iPipeline,4.1,2,2,0.001,0,1,2.6
623,Emtec,3.9,3,2,0.5,0,1,3.2
624,Toptal,3.9,5,2,0.5,0,1,3.1
625,OneLogin,3.9,3,2,0.5,0,1,2.6
626,CALIBRE Systems,3.9,3,2,0.5,0,0,3
628,Digital Air Strike,3.9,5,2,0.5,0,1,2.3
629,TeleTracking,3.9,5,3,0.005,0,1,2.9
631,TeleTracking,3.9,5,3,0.001,0,1,2.9
638,Compuware,3.8,5,2,0.025,0,0,2.8
640,OneSource Virtual,4.1,3,2,0.5,1,1,2.6
641,Strategic Systems,3.8,1,2,0.001,0,1,2.3
643,HostGator.com,3.8,3,2,0.5,1,1,2.3
644,Saven Tech,3.8,5,2,0.025,0,1,2.5
645,Instart,3.8,2,2,0.5,0,1,3.1
646,A9.com,3.8,5,2,0.001,0,1,3
648,New York Technology Partners,3.8,2,3,0.1,1,1,2
649,Signpost ,3.8,3,2,0.001,0,0,2.6
651,Wisdom Infotech,3.8,1,3,0.025,0,0,2.3
652,Dataminr,3.8,3,2,0.025,1,1,2.9
653,Parasoft,3.8,5,2,0.001,0,0,2.8
655,Adaequare,3.8,5,2,0.001,0,1,2.8
660,eSystems,3.8,5,2,0.5,0,1,2.6
662,Model N,3.9,1,2,0.025,1,1,3
663,Lithium Technologies,3.8,3,3,0.025,0,1,3
664,Foursquare,3.2,4,2,0.001,0,1,2.8
665,OPNET,3.8,3,2,0.5,0,0,3.3
666,Forbes,3.8,5,2,0.5,1,1,2.6
667,eGain,3.8,4,2,0.001,0,1,3.1
668,Huffington Post,3.8,5,2,0.1,0,0,2.8
671,OPNET,3.8,3,2,0.005,0,0,3.3
672,Rural Sourcing,3.8,3,3,0.005,0,0,2.3
676,AIT Global,3.8,2,2,0.1,0,0,3.3
677,P2 Energy Solutions,3.8,3,2,0.001,0,1,3
678,Opower,3.8,5,2,0.005,0,0,3.3
680,Google,4.4,4,2,0.5,0,0,3.3
681,Microsoft,4.3,4,3,0.025,0,1,3.1
682,Cisco Systems,4.2,4,2,0.001,0,0,3
683,Intel Corporation,4.1,4,3,0.1,1,1,3
684,Apple,4.1,4,2,0.1,0,1,3
690,ArenaNet,3.7,4,1,10,1,1,3.1
691,Castlight,3.7,4,1,10,0,1,2.8
692,Bazaarvoice,3.7,3,1,10,1,1,3.3
693,Ladders,3.7,5,1,10,1,1,2.8
695,Aditi,3.7,4,3,0.01,0,1,3
696,Epson America,3.7,4,2,0.5,1,1,3
697,Bronto Software,3.7,5,2,0.5,0,1,3
698,Global Healthcare Exchange,3.7,4,3,0.001,0,1,2.8
701,Antra,3.7,3,2,5,0,1,2.4
702,Mixpanel,3.7,3,2,0.001,0,1,3
706,Mythics,3.7,3,2,0.025,0,0,3
707,Spiceworks,3.7,5,2,0.1,0,1,3
709,CEI,3.7,2,2,0.001,1,1,2.8
711,Sita Corp,3.3,2,2,2,0,1,2.9
712,Percolate,3.7,4,3,0.001,1,1,2.7
716,Imprivata,3.6,2,3,0.01,0,0,2.4
717,SoftRock,3.7,5,2,0.05,0,1,2.1
718,Namely,3.7,3,2,0.025,0,0,2.7
720,Granicus,3.7,1,2,0.5,0,0,2.7
721,Kareo,3.6,4,2,0.001,0,1,3
722,CD-adapco,3.7,5,2,0.001,1,1,3.1
724,Shift,3.7,4,2,0.001,0,1,2.4
725,Client Network Services,3.6,3,2,0.5,0,0,2.8
727,Laserfiche,3.6,4,3,0.001,0,0,2.8
730,Laserfiche,3.6,4,2,0.5,0,0,2.8
733,EGlobalTech,3.6,5,2,0.5,0,1,2.8
735,Quantcast,3.6,2,2,0.5,0,0,3.2
738,ISN Software,3.6,5,2,0.001,0,1,2.8
739,PatientPop,3.6,4,2,0.1,0,1,2.9
740,Brightree,3.6,3,2,0.001,1,1,3
742,Client Network Services,3.6,3,3,0.025,0,0,2.8
743,Intralinks,3.6,3,2,0.001,0,1,2.8
744,Verisign,3.6,5,2,0.001,0,1,2.8
747,INDUS,3.6,5,2,0.5,0,0,2.6
749,Tellabs,3.5,5,2,2,0,0,2.8
751,INDUS,3.6,5,2,0.025,0,0,2.6
752,WhiteHat Security,3.6,4,2,0.1,0,1,2.9
754,Mitratech,3.6,5,3,0.1,0,1,2.6
755,Marchex,3.7,2,2,0.025,0,0,2.9
757,Bite Squad,3.6,3,2,0.1,1,1,1.5
762,Spireon,3.6,3,2,0.001,0,0,2.3
772,Listrak,3.6,2,2,0.05,0,1,3
775,Snap! Raise,3.5,3,2,0.1,0,0,2.2
776,Aurionpro Solutions,3.5,5,2,0.001,0,1,2.8
777,Tellabs,3.5,5,2,0.1,0,0,2.8
779,Bluebeam,3.5,3,3,0.001,0,0,3.3
781,Microsoft,4.3,4,2,0.001,0,1,3.1
782,Cisco Systems,4.2,4,2,2,0,1,3
783,Intel Corporation,4.1,4,3,0.1,0,1,3
785,Amazon,3.9,4,2,0.5,0,1,3
790,Flexential,3.4,3,1,10,1,1,3
793,Apptio,3.5,3,1,10,1,1,2.9
794,Trustpilot,3.5,4,1,10,1,1,2.7
795,LogRhythm,3.6,5,1,10,1,1,3.1
796,TierPoint,3.5,2,2,0.001,0,0,2.5
800,Databricks,4.8,4,2,0.001,0,1,3.2
801,Aptris,4.6,5,2,0.5,0,1,3
802,KMS Technology,4.6,5,2,0.5,0,0,2.8
803,Axis Communications,4.9,3,3,0.001,0,0,2.9
806,OutSystems,4.4,3,1,0.001,0,1,3.2
807,Yandex,4.4,5,1,10,0,1,3.2
808,Medical Science & Computing,4.4,3,1,0.05,0,1,3
809,Etas,4.4,5,2,0.001,0,1,2.7
811,OutSystems,4.4,3,1,0.5,1,1,3.2
812,IFS,4.4,1,2,0.5,0,1,2.7
813,Medical Science & Computing,4.4,3,1,10,0,0,3
814,CI&T,4.3,2,1,0.001,0,0,2.8
815,Mellanox,4.4,5,1,0.1,0,0,3.1
816,CyberArk,4.4,2,1,0.001,0,0,3
817,National Information Solutions Cooperative,4.2,1,2,0.5,0,1,2.9
818,Systems Limited,4.2,5,1,1,0,1,2.7
819,MHP - A Porsche Company,4.3,5,1,0.001,0,0,2.7
820,Pantheon (Virginia),4.2,3,1,0.5,0,1,2.8
821,Directi,4.2,5,1,2,0,0,3.3
822,Thomson Professional And Regulatory,4.2,5,1,0.5,0,1,2
823,Systems Limited,4.2,5,1,0.5,0,1,2.7
824,BairesDev,4.2,2,1,0.001,0,1,3
825,Trigent Software,4.2,5,1,0.5,0,1,2.6
826,Icertis,4.2,5,1,0.1,0,0,3
827,National Information Solutions Cooperative,4.2,1,1,2,0,0,2.9
828,Next Level Business Services,4.2,2,1,2,0,0,2.5
829,Geotab,4.2,5,1,0.001,0,1,2.7
830,ByteDance,4,4,1,0.1,0,1,2.7
831,Snowflake,4,4,1,0.001,0,1,3
833,Zomato,4,5,1,0.5,0,1,2.8
834,Numerator,4,5,1,0.5,0,0,2.8
837,Keyrus,4,5,1,0.001,0,1,2.4
839,Acronis,3.9,2,1,0.001,0,1,2.8
840,Pramati Technologies,3.9,5,1,0.5,0,0,3
843,Spoken Communications,3.9,5,1,0.5,0,1,2.8
844,Swisscom,3.9,5,1,0.001,0,1,2.7
846,Skype,3.9,5,1,0.001,0,1,2.8
849,ThoughtFocus,3.9,3,1,0.001,0,1,3.1
850,SoftwareONE,3.9,1,1,10,0,1,2.9
852,Accion Labs,3.9,5,1,5,0,0,2.7
853,Grid Dynamics,3.9,4,1,0.001,0,0,2.9
854,Nagarro,3.9,4,1,0.1,0,0,3.2
855,Samasource,3.9,5,1,0.001,0,1,2.8
856,Datalogic,3.9,1,1,10,0,1,2.8
857,SAP Business Objects,3.9,5,1,0.5,0,1,3
858,ESET,3.8,5,1,0.01,0,1,3.1
859,ABBYY,3.8,5,1,0.1,0,1,2.7
860,Cohesity,3.8,4,1,0.5,0,0,3
861,TomTom,3.8,5,1,0.001,0,0,2.9
862,Acer America,3.8,4,1,1,0,1,3.2
863,NEORIS,3.8,5,1,0.001,0,0,2.7
864,Automation Anywhere,3.6,3,1,0.1,0,1,2.9
865,Duck Creek Technologies,3.8,1,1,0.001,0,1,2.6
866,Zurich Insurance,3.8,3,1,0.001,0,1,2.9
867,EMR CPR,3.8,4,1,1,0,0,1
868,Softtek,3.8,5,1,0.001,0,0,2.7
869,NetEase.com,3.8,5,1,0.5,0,1,2.7
870,Elektrobit,3.8,4,1,0.001,0,1,2.8
872,Grab,3.8,4,1,10,0,1,2.9
873,Samsung Strategy and Innovation Center,3.8,5,1,0.025,0,1,3
874,Gett,3.8,5,1,0.001,0,0,3.2
875,SE2,3.8,2,1,2,0,0,2.5
876,everis,3.7,5,1,0.001,0,0,2.5
879,MSC Software,3.7,4,2,0.001,0,0,2.7
881,MSC Software,3.7,4,1,0.5,0,1,2.7
882,UrbanSitter,3.8,1,1,2,0,0,2.4
885,Avast Software,3.7,4,1,0.5,0,1,2.7
887,Tata Elxsi,3.7,5,1,0.5,0,1,2.9
888,Columbus,3.7,5,1,0.001,0,0,2.6
890,Ramco Systems,3.7,5,1,0.001,0,1,2.6
891,Oasis Systems,3.7,2,1,1,0,1,1.8
892,eMids Technologies,3.7,3,1,0.5,0,1,2.9
893,Bitdefender,3.7,3,1,10,0,0,3.1
894,T-Systems,3.7,5,1,0.001,0,0,2.8
895,Impetus Technologies,3.7,3,1,2,0,0,3.2
896,Information Services Group,4.4,5,1,5,0,1,2.8
897,Synamedia,3.7,2,1,0.5,0,0,2.8
898,DigiCert,3.7,5,1,0.5,0,0,3
899,PowerObjects,3.7,5,1,0.5,0,0,2.8
900,Marco,3.7,1,1,10,0,0,2.5
901,ZT Systems,3.7,2,1,0.001,0,1,2.8
902,3Com,3.7,2,1,0.5,0,1,3
903,Techedge,3.7,5,1,0.001,0,1,2.7
904,Park Place Technologies,3.7,1,1,0.5,0,1,2.7
905,Farfetch,3.7,4,1,0.5,0,1,2.8
906,Logica,3.6,5,1,0.5,0,1,2.9
908,LINE,3.7,5,1,2,0,0,3
909,Sapiens,3.6,3,1,0.001,0,0,2.8
910,Sapiens,3.6,3,1,0.5,0,1,2.8
911,Playtika,3.6,5,1,0.001,0,1,2.9
912,Gympass,3.6,5,1,10,0,0,2.7
914,Unit4,3.6,2,1,10,0,1,2.9
915,CSR (UK),3.6,1,1,0.5,0,1,2.9
917,Nous Infosystems,3.6,2,1,0.001,0,0,2.9
918,in-tech,3.6,3,2,0.001,0,1,2
919,The Knot Worldwide,3.6,3,1,0.001,0,0,2.8
920,Sitecore,3.6,5,1,1,0,1,2.9
923,FPT Software,3.6,4,1,0.05,0,1,2.7
924,Abacus Technology,3.6,3,1,0.5,0,1,2.6
926,FUJIFILM North America,3.6,3,2,0.1,0,0,2.4
928,Tesco Bengaluru,3.6,5,1,0.1,0,1,2.9
929,Sophos,3.6,2,1,1,0,1,2.8
930,Vistex,3.6,1,1,0.5,0,0,3.1
932,Sonata Software,3.6,5,1,1,0,0,2.9
933,Altran Group,3.5,5,1,0.5,0,1,2.7
934,Indra,3.5,5,1,0.001,0,1,2.6
935,Constellation Software,3.5,5,1,0.5,0,1,3.5
936,HCL Infosystems,3.5,5,1,0.5,0,1,3
937,Long View Systems,3.5,4,1,0.5,0,0,2.7
938,INX,3.5,5,1,0.5,0,0,2.5
939,Global Crossing,3.5,4,1,5,0,1,2.7
940,Hemmersbach,3.5,3,1,5,0,0,2.1
941,Zalando,3.5,5,1,2,0,0,2.8
942,Giesecke & Devrient,3.5,5,1,0.01,0,0,2.7
943,Navico,3.5,5,1,0.1,0,1,2.3
946,Signant Health,3.5,2,1,0.5,0,1,2.6
947,DataArt,4.7,5,1,0.01,0,1,3.1
949,SINA,4,5,1,0.001,0,0,2.4
953,V2soft,3.8,1,1,0.5,0,1,2.3
959,SMART Modular,3.7,4,2,0.05,0,0,2.3
962,Kontron,3.6,5,1,0.5,0,0,2.8
964,Rick's Cabaret,3.6,5,1,0.025,0,0,3
965,Polaroid,3.5,5,1,0.5,0,0,1
966,1&1 IONOS,3.5,2,1,0.1,0,1,2.8
986,Table XI,5,5,3,0.005,0,0,3
991,ObjectVideo Labs,5,5,3,0.001,0,0,1.7
996,TellApart,5,5,3,0.01,0,0,3.2
999,Coventor,5,3,3,0.01,0,1,2.1
1011,Microsoft,4.3,4,3,0.01,0,1,3.1
1033,Macro Solutions,5,3,1,10,1,1,2.5
1038,500friends,5,5,1,10,0,1,2.9
1045,You Need A Budget,5,5,3,0.05,0,1,3.2
1054,CSZNet,5,5,3,0.001,0,0,3
1060,Advoco Inc.,5,5,3,0.001,0,1,2
1073,Intel Corporation,4.1,4,3,0.025,0,1,3
1078,Infosys,3.1,2,3,0.005,0,0,2.6
1084,Pricefx,5,5,1,10,1,1,3.2
1085,Trove,5,5,1,10,1,1,3
1086,PicnicHealth,5,5,1,10,1,1,3
1087,DataFox,5,5,1,10,1,1,3
1088,Phoenix Operations Group,5,3,1,10,1,1,1
1089,Gladly,5,2,1,10,1,1,3
1091,Cognition Corp,5,5,1,10,1,1,3.3
1093,J P Systems,5,3,1,10,1,1,1
1096,STORIS,5,5,3,0.001,0,0,2.7
1098,HRMS Solutions,5,5,2,0.001,0,1,1.5
1099,Triniti Consulting,5,5,3,0.001,0,0,3
1100,Koddi,5,3,3,0.001,0,1,2.9
1101,Rollbar,5,4,3,0.01,0,1,2.9
1102,GreatHorn,5,5,3,0.01,0,1,3
1103,dv01,5,5,3,0.001,0,1,2.7
1105,SimpleLegal,5,3,3,0.005,0,0,2.6
1107,Stylitics,5,5,3,0.025,0,1,2.8
1110,CobbleStone Software,5,2,3,0.001,0,1,3
1111,VELOX Media,5,5,3,0.001,1,1,3
1112,Sandboxx,5,5,3,0.01,0,1,2.5
1113,Phoenix Operations Group,5,3,3,0.001,0,1,1
1115,Productive Power,5,5,3,0.005,0,0,2.4
1116,Kipsu,5,5,3,0.001,0,1,2.9
1117,Buoy Health,5,5,3,0.001,0,0,3
1119,Guru Technologies,5,2,3,0.01,0,0,2.9
1120,Guru Technologies,5,2,3,0.001,0,0,2.9
1121,Annkissam,5,5,3,0.01,0,0,2.8
1123,VELOX Media,5,5,3,0.001,0,0,3
1124,Chronicled,5,5,3,0.001,0,1,2.8
1125,Sandboxx,5,5,3,0.025,0,1,2.5
1129,Buoy Health,5,5,3,0.001,0,0,3
1130,Fivetran,5,4,3,0.01,0,1,3.1
1131,Network & Security Technologies,5,5,3,0.001,0,1,1
1133,Edgewater Federal Solutions,5,3,3,0.001,1,1,3
1134,Juniper Square,5,3,3,0.001,1,1,2.9
1135,Triniti Consulting,5,5,3,0.01,0,1,3
1136,Table XI,5,5,3,0.001,0,0,3
1138,YOP IT Solutions,5,5,3,0.025,0,1,4
1139,Superhuman,5,5,3,0.001,0,1,3.1
1140,LeanIX,5,5,3,0.001,0,0,3.1
1145,Airkit,5,5,2,0.025,0,0,3.5
1146,Rubica,5,4,3,0.01,0,1,3.2
1147,CyberCube,5,5,3,0.001,0,1,3.4
1148,Groove,5,5,3,0.05,0,1,2.7
1151,MANTL,5,5,3,0.01,0,0,3
1154,Rubica,5,4,3,0.001,0,0,3.2
1156,Airkit,5,5,3,0.025,0,1,3.5
1157,Agiloft,5,5,3,0.001,0,0,3.2
1158,Front,5,4,3,0.001,0,0,2.8
1161,Microsoft,4.3,4,3,0.001,0,1,3.1
1162,Cisco Systems,4.2,4,3,0.001,0,1,3
1163,Intel Corporation,4.1,4,3,0.001,0,0,3
1164,Apple,4.1,4,3,0.001,0,0,3
1167,Tata Consultancy Services,3.7,2,3,0.001,0,0,2.7
1171,XOR,5,5,3,0.001,0,0,2.3
1173,Neverware,5,5,3,0.001,0,1,3.7
1174,CollabraSpace,5,3,3,0.001,0,1,2
1176,AIS (NV),5,5,3,0.001,0,0,3
1178,Fleetio,5,5,1,10,1,1,2.6
1179,Scalyr,5,5,1,10,1,1,2.7
1180,LogicGate,5,5,1,10,1,1,2.6
1181,Blueshift,5,3,1,10,1,1,2
1182,Harness,5,3,1,10,1,1,3.4
1183,Configure One,5,5,1,10,1,1,3.1
1184,DealCloud,5,2,1,10,0,1,3
1185,Flockjay,5,5,1,10,1,1,1
1186,rideOS,5,5,1,10,1,1,2.9
1187,Computronix,5,5,1,10,1,1,2.9
1188,Counterpoint Consulting,5,5,3,0.001,0,0,2.8
1190,Computronix,5,5,3,0.001,0,0,2.9
1192,AlertMedia,5,5,3,0.005,0,1,2.8
1195,Grammarly,5,5,3,0.05,0,0,2.9
1196,Rigor,4.9,5,3,0.001,0,0,3.1
1198,J2 Interactive,5,5,3,0.01,0,0,3.3
1199,Simpplr,5,5,3,0.001,0,1,3.4
1200,Simpplr,5,5,3,0.001,0,0,3.4
1202,Nova Credit,4.9,5,2,0.001,0,0,2.9
1203,GitPrime,4.9,5,3,0.001,0,0,2.7
1204,KirkpatrickPrice,4.9,5,3,0.001,0,0,4
1205,Chili Piper,4.9,5,3,0.001,0,0,3.3
1206,Brilliant Infotech,4.9,2,3,0.001,0,0,3.5
1207,Seeq,4.9,5,3,0.05,0,0,2.5
1209,SweetLabs,4.9,5,3,0.05,0,0,2.9
1210,Chili Piper,4.9,5,3,0.05,0,0,3.3
1211,GitPrime,4.9,5,3,0.01,0,1,2.7
1212,Nova Credit,4.9,5,3,0.001,0,1,2.9
1214,Zudy,4.9,3,3,0.001,0,0,2.3
1215,Hotjar,4.9,5,2,0.001,0,1,3.5
1216,Expel,4.9,5,3,0.001,0,1,2.8
1218,Corporate Tools,4.9,5,3,0.025,0,1,2.5
1219,Opex Analytics,4.9,3,3,0.025,0,0,3.3
1220,Stackla,4.9,3,3,0.025,0,0,3
1223,Zennify,4.9,4,3,0.001,0,0,2.6
1224,Opex Analytics,4.9,3,3,0.001,0,1,3.3
1225,Avlino,4.9,5,3,0.001,0,0,2.3
1226,Zudy,4.9,3,3,0.005,0,0,2.3
1227,Hotjar,4.9,5,3,0.01,0,0,3.5
1228,ChartIQ,4.9,3,3,0.005,0,1,2
1229,RevUnit,4.9,3,3,0.05,0,0,2.8
1231,RevUnit,4.9,3,3,0.05,0,1,2.8
1232,CoNetrix,4.9,5,3,0.005,0,0,4
1233,Plum Group,4.9,5,3,0.001,0,1,2
1234,Numetric,4.9,5,3,0.001,0,0,2.7
1235,SchoolAdmin,4.9,5,3,0.05,0,0,4
1237,Mavens,4.9,2,3,0.001,0,0,3.9
1238,AXIA Consulting,4.9,5,3,0.001,0,1,2.5
1239,Wiredrive,4.9,5,3,0.05,0,1,3.3
1240,Data Masons Software,4.9,5,3,0.001,0,0,3
1242,Torrent Consulting,4.9,1,3,0.001,0,0,3
1243,Cognistx,4.9,5,3,0.001,0,1,2.8
1244,Chatbooks,4.9,5,3,0.001,0,1,2.9
1245,ENAVATE,4.9,5,3,0.001,0,0,3.2
1247,Zylo,4.9,5,3,0.001,0,0,3
1248,Apprenda,4.9,5,3,0.001,0,0,3.8
1249,GoCo.io,4.9,5,3,0.001,0,1,2.8
1250,Google,4.4,4,3,0.001,0,1,3.3
1251,Microsoft,4.3,4,3,0.001,0,0,3.1
1252,Cisco Systems,4.2,4,3,0.001,0,1,3
1253,Intel Corporation,4.1,4,3,0.001,0,0,3
1254,Apple,4.1,4,3,0.001,0,0,3
1255,Amazon,3.9,4,3,0.001,0,0,3
1256,IBM,3.8,3,3,0.001,0,0,2.8
1257,Tata Consultancy Services,3.7,2,3,0.025,0,1,2.7
1258,Infosys,3.1,2,3,0.025,0,0,2.6
1259,Wipro,2.9,4,3,0.001,0,0,2.8
1260,Appcast,4.9,5,3,0.001,0,0,3
1262,Informed.co,4.9,2,3,0.025,0,1,2.8
1263,Button,4.9,5,3,0.05,0,1,3.2
1265,Silicon Staff IT Services,4.9,4,2,0.05,0,1,3
1266,IDx (Iowa),4.9,5,3,0.001,0,1,2.4
1267,Shyft Technologies,4.9,5,3,0.025,0,0,3.3
1269,98point6,4.9,5,3,0.001,0,1,3.3
1270,Verkada,4.9,5,2,0.025,0,0,2.8
1272,Security Innovation,4.9,4,3,0.001,0,1,3.7
1273,SARA SOFTWARE SYSTEMS,4.9,5,3,0.001,0,1,4
1275,Yummly,4.9,5,1,10,1,1,2.8
1276,6sense,4.9,5,1,10,1,1,3.1
1278,Reaktor,4.9,5,1,10,1,1,2.9
1279,Next Century,4.9,3,1,10,1,1,3.1
1281,Storyblocks,4.9,3,1,10,0,1,3.7
1282,15Five,4.9,2,1,10,1,1,3
1284,Instapage,4.9,5,1,10,1,1,2.6
1285,Epic!,4.9,5,3,0.001,0,1,3.7
1288,IGEL,4.9,5,3,0.001,0,1,3.3
1290,"TCG, Inc.",4.9,3,3,0.001,0,0,2.9
1291,Cargas Systems,4.9,5,3,0.001,0,0,3.3
1294,August Schell,4.9,5,3,0.001,0,1,2
1297,Gradelink,4.9,5,3,0.05,0,0,3
1298,Celect,4.9,5,3,0.001,0,0,3
1299,Classy Llama,4.9,5,3,0.01,0,0,2.9
1301,Aurora Innovation,4.9,4,3,0.005,0,1,3
1302,Fetch Rewards,4.9,1,3,0.001,0,1,2.3
1304,dscout,4.9,5,2,0.1,0,1,2.9
1305,Networking For Future,4.9,5,3,0.05,1,1,3.2
1308,Business Technology Partners,4.9,1,3,0.025,0,1,3
1309,ASCII Group,4.9,5,3,0.001,1,1,2.4
1311,Tempered Networks,4.9,5,3,0.001,0,1,2
1313,Cybrary,4.9,3,3,0.001,0,0,2
1317,Quantum Workplace,4.9,5,3,0.05,0,1,2.5
1318,Poshmark,4.9,5,3,0.05,0,1,2.6
1319,Quick Left,4.9,5,3,0.025,0,1,3
1321,Quantum Workplace,4.9,5,3,0.001,0,1,2.5
1322,BTI360,4.9,3,3,0.01,0,1,2.9
1324,Poshmark,4.9,5,3,0.001,0,0,2.6
1325,BeenVerified.com,4.9,5,3,0.001,0,0,2.8
1326,Teachers Pay Teachers,4.9,5,3,0.001,0,1,2.9
1327,Quartzy,4.9,5,3,0.001,0,0,2.8
1328,"Visionist, Inc.",4.9,5,3,0.001,0,0,2.3
1330,Remesh,4.9,1,3,0.001,0,1,3
1331,Valimail,4.9,5,3,0.001,0,0,3
1332,June,4.9,5,3,0.001,0,1,2.5
1333,Periscope Data,4.9,5,3,0.05,0,1,2.6
1337,Kleiner Perkins Caufield & Byers,4.8,5,3,0.01,0,1,2.7
1338,3Sharp,4.9,5,2,0.025,0,1,2.7
1339,Zumasys,4.8,5,3,0.05,0,0,3.3
1340,CalTech (Texas),4.8,5,3,0.001,0,1,2.9
1343,MindPoint Group,4.9,3,3,0.01,0,0,2.9
1344,Kimble Applications,4.9,5,3,0.001,0,1,2.8
1346,HoneyBook,4.9,5,3,0.01,0,0,2.9
1348,Marxent,4.9,1,3,0.01,0,0,3.2
1349,Cloudinary,4.9,5,2,0.5,0,1,2.2
1350,HoneyBook,4.9,5,3,0.01,0,1,2.9
1351,Corelight,4.9,5,3,0.025,0,0,3.2
1352,Merge IT,4.8,5,3,0.01,0,0,3
1353,percona,4.8,5,3,0.001,0,1,2.9
1354,G2 Inc.,4.8,5,3,0.01,0,1,2.8
1355,Online Business Systems,4.8,5,2,0.5,0,1,3
1356,Intevity,4.8,5,3,0.001,0,0,2
1357,Khoj Information Technology,4.8,5,3,0.001,0,0,4
1358,Contactually,4.8,5,3,0.001,0,0,2.7
1359,VALiNTRY,4.8,3,3,0.025,0,1,2.5
1362,Synaptic Advisory Partners,4.8,5,3,0.001,0,1,3
1363,Contactually,4.8,5,3,0.001,0,1,2.7
1364,Orbital Insight,4.8,3,3,0.025,0,1,3
1365,SecureLink (TX),4.8,3,3,0.001,1,1,3.1
1367,ARCOS,4.8,5,3,0.001,0,1,2.7
1368,Plaid,4.8,2,3,0.1,0,0,2.8
1369,First Orion,4.8,3,3,0.01,0,1,3
1370,Plus3 IT Systems,4.8,3,3,0.01,0,1,3.5
1373,Shield AI,4.8,2,3,0.01,0,0,3.6
1374,SimplePractice,4.8,4,3,0.025,0,1,2.6
1375,Sezzle,4.8,5,3,0.001,0,1,2.7
1378,AEGIS.net,4.8,3,3,0.001,0,1,3
1381,Select Resources,4.8,1,3,0.001,0,1,1
1382,BlueModus,4.8,5,3,0.001,0,0,3.1
1383,Zerion Software,4.8,5,3,0.001,0,0,3
1385,PRINCETON IT SERVICES INC.,4.8,5,3,0.05,0,1,3
1387,Karat,4.8,5,3,0.001,0,0,2.8
1388,SimplePractice,4.8,4,3,0.005,0,0,2.6
1389,GoFormz,4.8,5,3,0.01,0,1,3
1390,mobileforming,4.8,5,3,0.01,0,1,2.9
1391,SimplePractice,4.8,4,2,0.05,1,0,2.6
1393,Alation,4.8,5,3,0.001,0,1,2.9
1396,Mailgun Technologies,4.8,5,3,0.001,1,1,3.5
1397,Real-Time Innovations,4.8,5,3,0.005,0,1,3
1400,Entelo,4.8,5,2,0.001,0,0,2.9
1402,Geopointe,4.8,4,3,0.001,0,1,2.5
1404,Solution Design Group,4.8,1,3,0.001,0,0,3.1
1405,MessageGears,4.8,5,3,0.001,0,1,1.7
1406,Rithmio,4.8,5,3,0.001,0,0,2.5
1407,Color Genomics,4.8,5,3,0.025,0,1,2.9
1409,Source Allies,4.8,1,3,0.025,0,1,2.9
1411,SurfMerchants,4.8,5,3,0.025,0,0,3
1413,TigerGraph,4.8,5,3,0.025,0,1,3
1415,Asymmetrik ,4.8,5,3,0.01,0,0,2.8
1417,FastSpring,4.8,5,3,0.01,0,0,2.8
1421,Workato,4.8,5,3,0.001,0,0,3.1
1422,V12 Group,4.8,5,3,0.001,0,0,3.1
1423,Tigerpaw Software,4.8,5,3,0.01,0,0,3.2
1424,FastSpring,4.8,5,3,0.001,0,0,2.8
1425,ActivTrak,4.8,3,3,0.001,0,0,2.7
1426,Engagio,4.8,5,3,0.001,0,0,3.5
1430,Allen Institute for AI,4.8,5,3,0.001,0,0,3.1
1431,AKA Enterprise Solutions,4.8,5,3,0.05,0,1,2.8
1432,Culture Amp,4.8,5,3,0.05,0,1,3
1437,Dwelo,4.8,4,3,0.01,0,0,3
1438,PhotoShelter,4.8,5,3,0.025,0,1,2
1440,PhotoShelter,4.8,5,2,0.05,0,1,2
1442,GRIN,4.8,5,3,0.001,0,1,3
1446,Amnet inc,4.8,5,3,0.025,0,0,3
1449,Buildium,4.8,5,3,0.001,0,0,3.2
1450,Clari,4.8,5,3,0.01,0,0,3.1
1454,Buildium,4.8,5,3,0.05,0,1,3.2
1455,Liventus,4.8,1,3,0.001,0,0,2.6
1458,NimbleUser,4.8,5,3,0.01,0,0,2.7
1459,Impact Advisors,4.8,1,2,0.001,0,1,3.3
1460,Crypsis Group,4.8,3,3,0.05,0,1,2.8
1461,Robin Powered,4.8,5,3,0.01,0,1,2.8
1463,Knowledge Anywhere,4.8,4,3,0.001,0,1,2.5
1464,Curata,4.8,5,3,0.01,0,0,2.5
1468,Docmation,4.8,5,3,0.001,0,1,3.3
1469,BetterDoctor,4.8,5,3,0.05,0,1,2
1470,eCreations,4.8,5,2,0.001,0,0,3.5
1471,BetterDoctor,4.8,5,3,0.025,0,0,2
